[
	{
		"id" : 1,
		"sku" : "NOKA01",
		"alias" : "noka",
		"image" : "/images/noka3.jpg",
		"brand_id" : 4,
		"vendor_id" : 3,
		"price" : 7050,
		"cost" : 6650,
		"stock" : 98992,
		"sold" : 10,
		"type" : 2,
		"kind" : 0,
		"virtual" : 0,
		"status" : 1,
		"sort" : 0,
		"view" : 353,
		"date_lastview" : "2020-06-09 16:05:34",
		"date_available" : null,
		"created_at" : null,
		"updated_at" : "2020-06-09 16:05:34"
	},
	{
		"id" : 2,
		"sku" : "YAMADA25KG",
		"alias" : "yamada",
		"image" : "/images/1563474350681.png",
		"brand_id" : 3,
		"vendor_id" : 4,
		"price" : 6380,
		"cost" : 5900,
		"stock" : 990,
		"sold" : 11,
		"type" : 1,
		"kind" : 0,
		"virtual" : 0,
		"status" : 1,
		"sort" : 0,
		"view" : 317,
		"date_lastview" : "2020-06-09 15:50:40",
		"date_available" : null,
		"created_at" : null,
		"updated_at" : "2020-06-09 15:50:40"
	},
	{
		"id" : 3,
		"sku" : "HIKARI24KG",
		"alias" : "hikari24kg",
		"image" : "/images/10_000000000233.png",
		"brand_id" : 8,
		"vendor_id" : 3,
		"price" : 6850,
		"cost" : 6550,
		"stock" : 999,
		"sold" : 1,
		"type" : 2,
		"kind" : 0,
		"virtual" : 0,
		"status" : 1,
		"sort" : 0,
		"view" : 375,
		"date_lastview" : "2020-06-09 15:58:04",
		"date_available" : null,
		"created_at" : null,
		"updated_at" : "2020-06-09 15:58:04"
	},
	{
		"id" : 5,
		"sku" : "GAOLUT",
		"alias" : "gaolut25kg",
		"image" : "/images/gao lut 4.jpg",
		"brand_id" : 2,
		"vendor_id" : 5,
		"price" : 8990,
		"cost" : 8690,
		"stock" : 99,
		"sold" : 1,
		"type" : 0,
		"kind" : 0,
		"virtual" : 0,
		"status" : 1,
		"sort" : 0,
		"view" : 286,
		"date_lastview" : "2020-06-09 15:48:46",
		"date_available" : null,
		"created_at" : null,
		"updated_at" : "2020-06-09 15:48:46"
	},
	{
		"id" : 10,
		"sku" : "MONGGIO",
		"alias" : "monggio",
		"image" : "/images/meat (5).jpg",
		"brand_id" : 1,
		"vendor_id" : 1,
		"price" : 500,
		"cost" : 250,
		"stock" : 8989,
		"sold" : 20,
		"type" : 2,
		"kind" : 0,
		"virtual" : 0,
		"status" : 1,
		"sort" : 0,
		"view" : 151,
		"date_lastview" : "2020-06-09 14:36:35",
		"date_available" : null,
		"created_at" : null,
		"updated_at" : "2020-06-09 14:36:35"
	},
	{
		"id" : 13,
		"sku" : "BAPGIOHEO",
		"alias" : "bapgioheo",
		"image" : "/images/meat (5).jpg",
		"brand_id" : 1,
		"vendor_id" : 1,
		"price" : 930,
		"cost" : 680,
		"stock" : 989,
		"sold" : 32,
		"type" : 0,
		"kind" : 0,
		"virtual" : 0,
		"status" : 1,
		"sort" : 0,
		"view" : 116,
		"date_lastview" : "2020-06-09 14:05:12",
		"date_available" : null,
		"created_at" : null,
		"updated_at" : "2020-06-09 14:05:12"
	},
	{
		"id" : 17,
		"sku" : "TRUNGTRANG",
		"alias" : "trungtrang",
		"image" : "/images/chicken (2).jpg",
		"brand_id" : 5,
		"vendor_id" : 2,
		"price" : 630,
		"cost" : 302,
		"stock" : 1002,
		"sold" : 0,
		"type" : 0,
		"kind" : 0,
		"virtual" : 0,
		"status" : 1,
		"sort" : 0,
		"view" : 128,
		"date_lastview" : "2020-06-09 14:11:39",
		"date_available" : null,
		"created_at" : null,
		"updated_at" : "2020-06-09 14:11:39"
	},
	{
		"id" : 18,
		"sku" : "GANGUYENCON",
		"alias" : "ganguyencon",
		"image" : "/images/chicken (1).jpg",
		"brand_id" : 5,
		"vendor_id" : 2,
		"price" : 340,
		"cost" : 192,
		"stock" : 975,
		"sold" : 48,
		"type" : 2,
		"kind" : 0,
		"virtual" : 0,
		"status" : 1,
		"sort" : 0,
		"view" : 224,
		"date_lastview" : "2020-05-31 21:48:10",
		"date_available" : null,
		"created_at" : "2020-01-11 22:35:36",
		"updated_at" : "2020-05-31 21:48:10"
	},
	{
		"id" : 21,
		"sku" : "FUKUI",
		"alias" : "fukui",
		"image" : "/images/fukui24kgfds.png",
		"brand_id" : 4,
		"vendor_id" : 3,
		"price" : 7150,
		"cost" : 6850,
		"stock" : 997,
		"sold" : 2,
		"type" : 0,
		"kind" : 0,
		"virtual" : 0,
		"status" : 1,
		"sort" : 0,
		"view" : 156,
		"date_lastview" : "2020-06-09 15:47:40",
		"date_available" : "2025-11-19",
		"created_at" : "2020-02-01 00:05:20",
		"updated_at" : "2020-06-09 15:47:40"
	},
	{
		"id" : 22,
		"sku" : "SHIGA",
		"alias" : "shiga",
		"image" : "/images/03 tách nền(Gạo Shiga 中米 Blend).jpg",
		"brand_id" : 3,
		"vendor_id" : 4,
		"price" : 7610,
		"cost" : 7200,
		"stock" : 9998,
		"sold" : 1,
		"type" : 0,
		"kind" : 0,
		"virtual" : 0,
		"status" : 1,
		"sort" : 0,
		"view" : 86,
		"date_lastview" : "2020-05-31 15:13:02",
		"date_available" : null,
		"created_at" : "2020-02-01 00:21:50",
		"updated_at" : "2020-05-31 15:13:02"
	},
	{
		"id" : 23,
		"sku" : "TOKUA",
		"alias" : "tokua",
		"image" : "/images/Toku A.png",
		"brand_id" : 3,
		"vendor_id" : 4,
		"price" : 10690,
		"cost" : 10200,
		"stock" : 9999,
		"sold" : 0,
		"type" : 0,
		"kind" : 0,
		"virtual" : 0,
		"status" : 1,
		"sort" : 0,
		"view" : 20,
		"date_lastview" : "2020-05-28 12:45:38",
		"date_available" : null,
		"created_at" : "2020-02-01 00:27:48",
		"updated_at" : "2020-05-30 10:39:34"
	},
	{
		"id" : 24,
		"sku" : "MILKYQUEEN",
		"alias" : "milkyqueen",
		"image" : "/images/05.jpg",
		"brand_id" : 3,
		"vendor_id" : 4,
		"price" : 11390,
		"cost" : 10900,
		"stock" : 9999,
		"sold" : 0,
		"type" : 0,
		"kind" : 0,
		"virtual" : 0,
		"status" : 1,
		"sort" : 0,
		"view" : 13,
		"date_lastview" : "2020-05-19 11:00:53",
		"date_available" : null,
		"created_at" : "2020-02-01 00:30:39",
		"updated_at" : "2020-05-30 10:40:17"
	},
	{
		"id" : 25,
		"sku" : "OHGA",
		"alias" : "ohga",
		"image" : "/images/Gạo Blend OHGA_25kg.png",
		"brand_id" : 2,
		"vendor_id" : 5,
		"price" : 6099,
		"cost" : 6200,
		"stock" : 0,
		"sold" : 0,
		"type" : 0,
		"kind" : 0,
		"virtual" : 0,
		"status" : 1,
		"sort" : 0,
		"view" : 44,
		"date_lastview" : "2020-05-30 05:32:41",
		"date_available" : null,
		"created_at" : "2020-02-01 00:40:13",
		"updated_at" : "2020-05-30 05:32:41"
	},
	{
		"id" : 26,
		"sku" : "GAONEP",
		"alias" : "gaonep",
		"image" : "/images/gaonep4.png",
		"brand_id" : 2,
		"vendor_id" : 5,
		"price" : 4500,
		"cost" : 4200,
		"stock" : 0,
		"sold" : 0,
		"type" : 0,
		"kind" : 0,
		"virtual" : 0,
		"status" : 1,
		"sort" : 0,
		"view" : 42,
		"date_lastview" : "2020-05-29 08:12:27",
		"date_available" : null,
		"created_at" : "2020-02-01 00:46:23",
		"updated_at" : "2020-05-29 08:12:27"
	},
	{
		"id" : 27,
		"sku" : "GAOHANGNHAT",
		"alias" : "gaohang-nhat",
		"image" : "/images/Gạo Hạng Nhất (Hitomebore) 25kg.png",
		"brand_id" : 2,
		"vendor_id" : 5,
		"price" : 8090,
		"cost" : 7790,
		"stock" : 999,
		"sold" : 0,
		"type" : 0,
		"kind" : 0,
		"virtual" : 0,
		"status" : 1,
		"sort" : 0,
		"view" : 27,
		"date_lastview" : "2020-05-28 13:19:12",
		"date_available" : "2029-10-24",
		"created_at" : "2020-02-01 00:51:11",
		"updated_at" : "2020-05-28 13:19:12"
	},
	{
		"id" : 28,
		"sku" : "KOSHIHIKARI",
		"alias" : "koshihikari",
		"image" : "/images/koshihikari_izumida_10kg-500x500.png",
		"brand_id" : 2,
		"vendor_id" : 5,
		"price" : 8390,
		"cost" : 8000,
		"stock" : 999,
		"sold" : 0,
		"type" : 0,
		"kind" : 0,
		"virtual" : 0,
		"status" : 1,
		"sort" : 0,
		"view" : 22,
		"date_lastview" : "2020-05-30 12:28:31",
		"date_available" : null,
		"created_at" : "2020-02-01 00:59:40",
		"updated_at" : "2020-05-30 12:28:31"
	},
	{
		"id" : 29,
		"sku" : "MEGA",
		"alias" : "mega",
		"image" : "/images/chicken (7).jpg",
		"brand_id" : 5,
		"vendor_id" : 2,
		"price" : 766,
		"cost" : 486,
		"stock" : 999,
		"sold" : 0,
		"type" : 0,
		"kind" : 0,
		"virtual" : 0,
		"status" : 1,
		"sort" : 0,
		"view" : 66,
		"date_lastview" : "2020-06-09 15:17:52",
		"date_available" : null,
		"created_at" : "2020-02-01 01:53:28",
		"updated_at" : "2020-06-09 15:17:52"
	},
	{
		"id" : 30,
		"sku" : "UCGA",
		"alias" : "ucga",
		"image" : "/images/chicken (11).jpg",
		"brand_id" : 5,
		"vendor_id" : 2,
		"price" : 660,
		"cost" : 378,
		"stock" : 9999,
		"sold" : 0,
		"type" : 0,
		"kind" : 0,
		"virtual" : 0,
		"status" : 1,
		"sort" : 0,
		"view" : 26,
		"date_lastview" : "2020-06-01 02:50:03",
		"date_available" : null,
		"created_at" : "2020-02-01 01:56:38",
		"updated_at" : "2020-06-01 02:50:03"
	},
	{
		"id" : 31,
		"sku" : "GANGA",
		"alias" : "ganga",
		"image" : "/images/meat (9).jpg",
		"brand_id" : 5,
		"vendor_id" : 2,
		"price" : 599,
		"cost" : 324,
		"stock" : 9999,
		"sold" : 0,
		"type" : 0,
		"kind" : 0,
		"virtual" : 0,
		"status" : 1,
		"sort" : 0,
		"view" : 26,
		"date_lastview" : "2020-06-09 15:19:05",
		"date_available" : null,
		"created_at" : "2020-02-01 01:59:27",
		"updated_at" : "2020-06-09 15:19:05"
	},
	{
		"id" : 32,
		"sku" : "THITDUIGA",
		"alias" : "thitduiga",
		"image" : "/images/chicken (8).jpg",
		"brand_id" : 5,
		"vendor_id" : 2,
		"price" : 810,
		"cost" : 518,
		"stock" : 0,
		"sold" : 0,
		"type" : 0,
		"kind" : 0,
		"virtual" : 0,
		"status" : 1,
		"sort" : 0,
		"view" : 17,
		"date_lastview" : "2020-05-31 08:50:30",
		"date_available" : null,
		"created_at" : "2020-02-01 02:02:49",
		"updated_at" : "2020-05-31 08:50:30"
	},
	{
		"id" : 33,
		"sku" : "CANHGA",
		"alias" : "canhga",
		"image" : "/images/chicken (4).jpg",
		"brand_id" : 5,
		"vendor_id" : 2,
		"price" : 798,
		"cost" : 518,
		"stock" : 0,
		"sold" : 0,
		"type" : 0,
		"kind" : 0,
		"virtual" : 0,
		"status" : 1,
		"sort" : 0,
		"view" : 23,
		"date_lastview" : "2020-05-30 15:19:15",
		"date_available" : null,
		"created_at" : "2020-02-01 02:05:36",
		"updated_at" : "2020-05-30 15:19:15"
	},
	{
		"id" : 35,
		"sku" : "MONGGIOCUT",
		"alias" : "monggiocut",
		"image" : "/images/meat_detail (42).jpg",
		"brand_id" : 1,
		"vendor_id" : 1,
		"price" : 600,
		"cost" : 350,
		"stock" : 999,
		"sold" : 0,
		"type" : 0,
		"kind" : 0,
		"virtual" : 0,
		"status" : 1,
		"sort" : 0,
		"view" : 62,
		"date_lastview" : "2020-05-31 15:12:05",
		"date_available" : null,
		"created_at" : "2020-02-01 02:42:50",
		"updated_at" : "2020-05-31 15:12:05"
	},
	{
		"id" : 36,
		"sku" : "LONGGIA",
		"alias" : "longgia",
		"image" : "/images/meat_detail (14).jpg",
		"brand_id" : 1,
		"vendor_id" : 1,
		"price" : 750,
		"cost" : 500,
		"stock" : 999,
		"sold" : 0,
		"type" : 0,
		"kind" : 0,
		"virtual" : 0,
		"status" : 1,
		"sort" : 0,
		"view" : 63,
		"date_lastview" : "2020-05-31 15:12:11",
		"date_available" : null,
		"created_at" : "2020-02-01 02:48:09",
		"updated_at" : "2020-05-31 15:12:11"
	},
	{
		"id" : 37,
		"sku" : "SUONSUN",
		"alias" : "suonsun",
		"image" : "/images/meat_detail (10).jpg",
		"brand_id" : 1,
		"vendor_id" : 1,
		"price" : 800,
		"cost" : 550,
		"stock" : 997,
		"sold" : 2,
		"type" : 0,
		"kind" : 0,
		"virtual" : 0,
		"status" : 1,
		"sort" : 0,
		"view" : 39,
		"date_lastview" : "2020-06-09 15:18:48",
		"date_available" : null,
		"created_at" : "2020-02-01 02:50:23",
		"updated_at" : "2020-06-09 15:18:48"
	},
	{
		"id" : 38,
		"sku" : "BACHIKHONGDA",
		"alias" : "bachikhongda",
		"image" : "/images/meat_detail (21).jpg",
		"brand_id" : 1,
		"vendor_id" : 1,
		"price" : 980,
		"cost" : 720,
		"stock" : 999,
		"sold" : 0,
		"type" : 0,
		"kind" : 0,
		"virtual" : 0,
		"status" : 1,
		"sort" : 0,
		"view" : 37,
		"date_lastview" : "2020-05-26 13:30:20",
		"date_available" : null,
		"created_at" : "2020-02-01 02:57:41",
		"updated_at" : "2020-05-26 13:30:20"
	},
	{
		"id" : 39,
		"sku" : "BACHIHEO",
		"alias" : "bachiheo",
		"image" : "/images/meat (14).jpg",
		"brand_id" : 1,
		"vendor_id" : 1,
		"price" : 1150,
		"cost" : 700,
		"stock" : 999,
		"sold" : 0,
		"type" : 0,
		"kind" : 0,
		"virtual" : 0,
		"status" : 1,
		"sort" : 0,
		"view" : 27,
		"date_lastview" : "2020-05-29 21:32:33",
		"date_available" : null,
		"created_at" : "2020-02-01 03:04:54",
		"updated_at" : "2020-05-29 21:32:33"
	},
	{
		"id" : 40,
		"sku" : "TAIHEO",
		"alias" : "taiheo",
		"image" : "/images/meat (22).jpg",
		"brand_id" : 1,
		"vendor_id" : 1,
		"price" : 700,
		"cost" : 500,
		"stock" : 999,
		"sold" : 0,
		"type" : 0,
		"kind" : 0,
		"virtual" : 0,
		"status" : 1,
		"sort" : 1,
		"view" : 19,
		"date_lastview" : "2020-05-31 08:50:20",
		"date_available" : null,
		"created_at" : "2020-02-01 03:16:22",
		"updated_at" : "2020-05-31 08:50:20"
	},
	{
		"id" : 41,
		"sku" : "THITVAIHEO",
		"alias" : "thitvaiheo",
		"image" : "/images/meat (17).jpg",
		"brand_id" : 1,
		"vendor_id" : 1,
		"price" : 990,
		"cost" : 750,
		"stock" : 998,
		"sold" : 1,
		"type" : 0,
		"kind" : 0,
		"virtual" : 0,
		"status" : 1,
		"sort" : 0,
		"view" : 29,
		"date_lastview" : "2020-05-31 08:50:35",
		"date_available" : null,
		"created_at" : "2020-02-01 03:18:37",
		"updated_at" : "2020-05-31 08:50:35"
	},
	{
		"id" : 42,
		"sku" : "MAHEO",
		"alias" : "maheo",
		"image" : "/images/meat_detail (15).jpg",
		"brand_id" : 1,
		"vendor_id" : 1,
		"price" : 1110,
		"cost" : 880,
		"stock" : 999,
		"sold" : 0,
		"type" : 0,
		"kind" : 0,
		"virtual" : 0,
		"status" : 1,
		"sort" : 0,
		"view" : 36,
		"date_lastview" : "2020-05-29 21:57:16",
		"date_available" : null,
		"created_at" : "2020-02-01 03:35:58",
		"updated_at" : "2020-05-29 21:57:16"
	},
	{
		"id" : 43,
		"sku" : "SUONHEO",
		"alias" : "suonheo",
		"image" : "/images/meat_detail (22).jpg",
		"brand_id" : 1,
		"vendor_id" : 1,
		"price" : 1110,
		"cost" : 880,
		"stock" : 998,
		"sold" : 1,
		"type" : 0,
		"kind" : 0,
		"virtual" : 0,
		"status" : 1,
		"sort" : 0,
		"view" : 31,
		"date_lastview" : "2020-05-31 03:10:47",
		"date_available" : null,
		"created_at" : "2020-02-02 21:21:38",
		"updated_at" : "2020-05-31 03:10:47"
	},
	{
		"id" : 44,
		"sku" : "LUOIHEO",
		"alias" : "luoiheo",
		"image" : "/images/meat (24).jpg",
		"brand_id" : 1,
		"vendor_id" : 1,
		"price" : 1040,
		"cost" : 850,
		"stock" : 999,
		"sold" : 0,
		"type" : 0,
		"kind" : 0,
		"virtual" : 0,
		"status" : 1,
		"sort" : 0,
		"view" : 42,
		"date_lastview" : "2020-05-29 21:57:12",
		"date_available" : null,
		"created_at" : "2020-02-02 21:30:32",
		"updated_at" : "2020-05-29 21:57:12"
	},
	{
		"id" : 45,
		"sku" : "GANHEO",
		"alias" : "ganheo",
		"image" : "/images/meat_detail (18).jpg",
		"brand_id" : 1,
		"vendor_id" : 1,
		"price" : 700,
		"cost" : 450,
		"stock" : 999,
		"sold" : 0,
		"type" : 0,
		"kind" : 0,
		"virtual" : 0,
		"status" : 1,
		"sort" : 0,
		"view" : 14,
		"date_lastview" : "2020-05-28 13:19:02",
		"date_available" : null,
		"created_at" : "2020-02-02 21:33:34",
		"updated_at" : "2020-05-28 13:19:02"
	},
	{
		"id" : 46,
		"sku" : "LUOIBO",
		"alias" : "luoibo",
		"image" : "/images/meat_detail (12).jpg",
		"brand_id" : 1,
		"vendor_id" : 1,
		"price" : 850,
		"cost" : 600,
		"stock" : 998,
		"sold" : 1,
		"type" : 0,
		"kind" : 0,
		"virtual" : 0,
		"status" : 1,
		"sort" : 0,
		"view" : 9,
		"date_lastview" : "2020-05-29 03:00:19",
		"date_available" : null,
		"created_at" : "2020-02-02 21:37:24",
		"updated_at" : "2020-05-29 03:00:19"
	}
]
